Procesos,Tiempo (s),Speedup,Eficiencia
1,0.3342,1.0,1.0
2,0.2699,1.238236383845869,0.6191181919229345
4,0.1561,2.140935297885971,0.5352338244714927
8,0.0625,5.3472,0.6684
