Procesos,Tiempo (s),Speedup,Eficiencia
1,10.7802,1.0,1.0
2,5.8831,1.8324012850368006,0.9162006425184003
4,3.186,3.38361581920904,0.84590395480226
8,2.33,4.626695278969957,0.5783369098712446
